instance_size;density;lb_deviation;lb_hit;execution_time
(10, 10);LD;0.02845087131852849;70;5.5464542198181155
(10, 10);MD;0.06347885438770537;59;9.011211285591125
(10, 10);HD;0.017765795273121058;77;4.572159538269043
