instance_size,density,lb_deviation,lb_hit,execution_time
"(4, 4)",LD,0.019639911283067437,6,0.5813196659088135
"(4, 4)",MD,0.0,10,0.40742390155792235
"(4, 4)",HD,0.0,10,0.6225938558578491
"(7, 7)",LD,0.032373448211679215,6,2.0276961803436278
"(7, 7)",MD,0.10622725117228779,5,2.884132504463196
"(7, 7)",HD,0.0,10,1.7630526542663574
"(10, 10)",LD,0.016412885027108748,8,7.380943465232849
"(10, 10)",MD,0.029480250523095435,6,9.386404466629028
"(10, 10)",HD,0.04331442426314255,6,8.75128424167633
