instance_size,density,lb_deviation,lb_hit,execution_time
"(4, 4)",LD,0.012681510072174532,7,0.1410752058029175
"(4, 4)",MD,0.006982543640897755,9,0.08543627262115479
"(4, 4)",HD,0.0,10,0.05206243991851807
